taxon_id,scientific_name,observation_count
47751,Polystichum munitum,15012
48252,Thuja plicata,14119
47543,Rubus spectabilis,12991
48256,Pseudotsuga menziesii,12186
48441,Gaultheria shallon,11822
49463,Trillium ovatum,10163
48227,Acer macrophyllum,9603
51646,Rubus parviflorus,9023
75756,Berberis nervosa,8688
126887,Berberis aquifolium,8229
53419,Oemleria cerasiformis,8187
48523,Symphoricarpos albus,8109
55925,Geranium robertianum,7958
53983,Digitalis purpurea,7610
53445,Rubus ursinus,7052
48229,Ranunculus repens,7042
52821,Achillea millefolium,6912
53414,Holodiscus discolor,6908
564969,Chamaenerion angustifolium,6795
57824,Sambucus racemosa,6785
48537,Lysichiton americanus,6700
48258,Acer circinatum,6646
48354,Vaccinium parvifolium,6588
51046,Arbutus menziesii,6539
51048,Dicentra formosa,6395
52681,Pteridium aquilinum,6379
48254,Tsuga heterophylla,6151
56034,Alnus rubra,6145
57030,Equisetum telmateia,5848
53856,Ilex aquifolium,5715
53435,Ribes sanguineum,5606
55767,Claytonia sibirica,5548
52833,Anaphalis margaritacea,5515
55104,Polypodium glycyrrhiza,5447
51655,Tellima grandiflora,5251
48538,Cytisus scoparius,5176
52669,Athyrium filix-femina,5049
83914,Oplopanax horridus,5035
75415,Amelanchier alnifolia,4719
52764,Prunella vulgaris,4682
63939,Maianthemum dilatatum,4584
50719,Goodyera oblongifolia,4575
141854,Urtica gracilis,4524
496537,Lysimachia latifolia,4508
78883,Rosa nutkana,4444
77266,Geum macrophyllum,4389
774894,Struthiopteris spicant,4347
62493,Spiraea douglasii,4298
78699,Populus trichocarpa,4270
77744,Lilium columbianum,4244
48461,Pinus ponderosa,4178
48349,Vaccinium ovatum,4140
51643,Tiarella trifoliata,4113
55620,Solanum dulcamara,4045
55780,Petasites frigidus,3973
53387,Cornus sericea,3961
51062,Maianthemum racemosum,3895
168025,Rubus bifrons,3821
55563,Bellis perennis,3820
55882,Hedera helix,3751
52989,Cirsium vulgare,3740
62498,Jacobaea vulgaris,3731
52667,Adiantum aleuticum,3707
75263,Achlys triphylla,3690
1096279,Cornus unalaschkensis,3616
77832,Lonicera ciliosa,3550
48244,Aquilegia formosa,3545
48543,Mycelis muralis,3534
56077,Hypericum perforatum,3530
49477,Monotropa uniflora,3501
56057,Leucanthemum vulgare,3475
55851,Lamium purpureum,3459
68131,Picea sitchensis,3451
77780,Linnaea borealis,3439
61317,Rubus armeniacus,3385
60881,Lonicera involucrata,3374
51147,Crataegus monogyna,3285
78560,Phyllodoce empetriformis,3257
53050,Epilobium ciliatum,3248
68632,Quercus garryana,3212
61432,Prunus laurocerasus,3211
48934,Pinus contorta,3171
60132,Cirsium arvense,3167
76148,Castilleja miniata,3151
55981,Lapsana communis,3136
60482,Pulsatilla occidentalis,3124
47602,Taraxacum officinale,3104
55971,Tanacetum vulgare,3104
76610,Daucus carota,3101
53094,Heracleum maximum,3072
47215,Calypso bulbosa,3008
53374,Corylus cornuta,3007
53059,Galium aparine,2970
128204,Castilleja hispida,2908
53178,Plantago lanceolata,2899
62220,Camassia quamash,2864
76401,Clintonia uniflora,2853
53104,Hypochaeris radicata,2804
52625,Stachys chamissonis,2802
59524,Xerophyllum tenax,2777
51875,Trifolium pratense,2743
79477,Valeriana sitchensis,2735
78891,Rubus laciniatus,2733
59029,Verbascum thapsus,2692
78544,Phlox diffusa,2656
62266,Balsamorhiza sagittata,2645
77472,Hydrophyllum tenuipes,2630
60496,Erythronium grandiflorum,2610
63512,Acer palmatum,2603
47888,Impatiens capensis,2601
55745,Trifolium repens,2582
53441,Rosa gymnocarpa,2577
47687,Erodium cicutarium,2558
117498,Castilleja parviflora,2558
63371,Rumex obtusifolius,2546
49475,Corallorhiza maculata,2539
75241,Abies lasiocarpa,2535
128848,Tolmiea menziesii,2508
48225,Eschscholzia californica,2500
60505,Erythronium montanum,2499
164834,Lotus pedunculatus,2491
63690,Abies grandis,2473
79484,Veratrum viride,2466
58886,Sedum spathulifolium,2409
61009,Lathyrus latifolius,2402
68049,Arctostaphylos uva-ursi,2362
77842,Luetkea pectinata,2357
57249,Physocarpus capitatus,2279
77049,Eriophyllum lanatum,2272
50618,Fritillaria affinis,2252
122555,Hylocomium splendens,2246
777190,Erythranthe lewisii,2234
56063,Sorbus aucuparia,2215
71113,Viola glabella,2212
77156,Frangula purshiana,2202
79183,Spiraea splendens,2174
59986,Monotropa hypopitys,2137
55209,Taxus brevifolia,2080
48583,Sorbus sitchensis,2071
68089,Tsuga mertensiana,2041
75600,Aruncus dioicus,2016
47779,Iris pseudacorus,2000
84298,Aesculus hippocastanum,1999
52913,Cichorium intybus,1960
53268,Maianthemum stellatum,1943
62236,Chimaphila umbellata,1921
77960,Marah oregana,1903
53324,Vicia sativa,1891
49444,Corallorhiza mertensiana,1889
56002,Dipsacus fullonum,1884
55342,Viola sempervirens,1880
124526,Grindelia integrifolia,1872
52994,Claytonia perfoliata,1869
83653,Rosa rugosa,1869
60982,Cakile maritima,1865
68084,Pinus monticola,1858
63905,Prunus emarginata,1842
52118,Pterospora andromedea,1834
52998,Conium maculatum,1833
55844,Vinca minor,1817
53195,Rumex acetosella,1806
47360,Lewisia rediviva,1764
56350,Gentiana calycosa,1761
79452,Triteleia grandiflora,1756
51071,Prosartes hookeri,1755
75240,Abies amabilis,1754
47757,Oxalis oregana,1747
75598,Artemisia tridentata,1742
78257,Olsynium douglasii,1742
61964,Prunus avium,1738
49870,Actaea rubra,1737
820904,Callitropsis nootkatensis,1728
77948,Malus fusca,1721
120909,Kindbergia oregana,1720
76630,Delphinium nuttallianum,1678
63820,Vaccinium ovalifolium,1674
63337,Phalaris arundinacea,1669
62223,Philadelphus lewisii,1656
50298,Fragaria vesca,1650
59013,Collinsia parviflora,1650
78234,Nuphar polysepala,1645
78858,Ribes lacustre,1645
77469,Hydrophyllum capitatum,1643
1262643,Pseudisothecium stoloniferum,1636
57360,Rhododendron macrophyllum,1630
75916,Buddleja davidii,1628
63893,Paxistima myrsinites,1625
60127,Oenanthe sarmentosa,1621
52858,Asarum caudatum,1618
55886,Lunaria annua,1615
126556,Rhododendron albiflorum,1601
57786,Plectritis congesta,1579
63960,Rubus leucodermis,1571
54763,Acer platanoides,1566
67379,Lupinus latifolius,1566
143674,Penstemon serrulatus,1558
76342,Circaea alpina,1532
63878,Fraxinus latifolia,1528
48347,Vaccinium membranaceum,1525
61100,Salix sitchensis,1517
77177,Fritillaria pudica,1508
78231,Nothochelone nemorosa,1503
64055,Dryopteris expansa,1501
143675,Cirsium edule,1489
59520,Erythronium oregonum,1481
58961,Plantago major,1474
54840,Populus tremuloides,1454
56099,Ajuga reptans,1450
57277,Veronica americana,1427
52724,Equisetum arvense,1413
76469,Crataegus douglasii,1383
61000,Carex obnupta,1379
48685,Typha latifolia,1376
77481,Hypericum calycinum,1376
75770,Bistorta bistortoides,1370
77791,Lithophragma parviflorum,1369
55829,Cardamine hirsuta,1360
54835,Prunus virginiana,1358
82689,Arbutus unedo,1354
76447,Cornus nuttallii,1352
56854,Adenocaulon bicolor,1351
76920,Erigeron glacialis,1347
59087,Toxicoscordion venenosum,1346
78399,Penstemon davidsonii,1339
79273,Streptopus amplexifolius,1330
204339,Lamium galeobdolon,1319
56088,Robinia pseudoacacia,1318
76976,Eriogonum compositum,1312
53166,Osmorhiza berteroi,1307
77914,Lycopodium clavatum,1304
53211,Senecio vulgaris,1301
153412,Corydalis scouleri,1301
59549,Lupinus polyphyllus,1287
52720,Dactylis glomerata,1282
55837,Prunus cerasifera,1280
127181,Pieris japonica,1280
78123,Montia parvifolia,1277
120870,Leucolepis acanthoneura,1277
53076,Geranium molle,1270
78372,Pedicularis racemosa,1269
47359,Apocynum androsaemifolium,1261
63078,Acer glabrum,1258
78943,Salix lasiandra,1256
553849,Rhododendron menziesii,1256
57317,Vicia villosa,1255
129020,Veronica officinalis,1255
51274,Heuchera micrantha,1253
77155,Fragaria virginiana,1251
53269,Sonchus asper,1250
71135,Ambrosia chamissonis,1249
75573,Arnica latifolia,1243
59782,Allium acuminatum,1242
54143,Tragopogon dubius,1241
59982,Phacelia hastata,1239
77818,Lomatium nudicaule,1238
914922,Reynoutria japonica,1229
62292,Asclepias speciosa,1224
52992,Matricaria discoidea,1222
122705,Plagiomnium insigne,1220
77830,Lomatium triternatum,1219
78367,Pedicularis bracteosa,1219
62584,Claytonia lanceolata,1215
78824,Ranunculus glaberrimus,1214
67804,Purshia tridentata,1212
60530,Cassiope mertensiana,1207
469472,Malus domestica,1197
58725,Juniperus communis,1196
56153,Juncus effusus,1186
143799,Sambucus cerulea,1180
71076,Salix scouleriana,1179
123586,Plagiothecium undulatum,1179
53328,Viola adunca,1178
78852,Ribes bracteosum,1172
47372,Sequoia sempervirens,1155
53021,Convolvulus arvensis,1155
79047,Senecio integerrimus,1155
53416,Lonicera hispidula,1151
78892,Rubus lasiococcus,1143
59567,Sequoiadendron giganteum,1137
62689,Lupinus lepidus,1137
68083,Pinus albicaulis,1135
130220,Rubus pedatus,1124
76536,Cryptogramma acrostichoides,1108
53197,Rumex crispus,1106
127391,Daphne laureola,1100
54897,Eriogonum heracleoides,1099
128614,Cornus kousa,1095
78793,Pyrola asarifolia,1094
485191,Silene coronaria,1094
76606,Dasiphora fruticosa,1091
78288,Orthilia secunda,1091
166466,Pentaglottis sempervirens,1083
78414,Penstemon procerus,1068
64043,Ceanothus velutinus,1067
77816,Lomatium martindalei,1067
57934,Ericameria nauseosa,1064
61871,Collomia grandiflora,1057
127153,Chondracanthus exasperatus,1056
78726,Potentilla flabellifolia,1050
50851,Cerastium arvense,1048
53298,Stellaria media,1046
79497,Veronica cusickii,1033
868167,Alnus alnobetula,1031
52136,Ipomopsis aggregata,1024
79480,Vancouveria hexandra,1021
125742,Prunus serrulata,1020
50739,Platanthera stricta,1018
933404,Centaurea cyanus,1017
62481,Allotropa virgata,1015
83072,Syringa vulgaris,1004
53313,Trifolium dubium,1002
56826,Lomatium macrocarpum,999
67525,Polemonium californicum,999
61884,Moehringia macrophylla,997
62238,Chimaphila menziesii,997
76214,Centaurea stoebe,997
77795,Lithospermum ruderale,994
76926,Erigeron linearis,993
77638,Lathyrus japonicus,993
79109,Silene latifolia,991
52793,Holcus lanatus,989
55969,Viburnum opulus,986
70265,Myosotis discolor,982
143688,Lupinus arcticus,981
55255,Porella navicularis,973
63875,Selaginella wallacei,973
144305,Penstemon fruticosus,973
162663,Eriogonum thymoides,971
56827,Lomatium utriculatum,967
61067,Leymus mollis,967
61321,Lythrum salicaria,965
78854,Ribes cereum,965
52618,Abronia latifolia,964
61155,Sedum divergens,962
55749,Veronica serpyllifolia,955
51080,Toxicodendron diversilobum,952
63311,Calochortus macrocarpus,946
75569,Arnica cordifolia,943
120491,Gymnocarpium disjunctum,942
55544,Ribes aureum,940
1138381,Hylocomiadelphus triquetrus,936
57460,Geum triflorum,933
77403,Heuchera cylindrica,928
62218,Camassia leichtlinii,926
77183,Gaillardia aristata,925
127355,Cyclamen hederifolium,918
53107,Lactuca serriola,916
48348,Vaccinium deliciosum,915
76907,Erigeron canadensis,914
69820,Cedrus deodara,912
181594,Euphorbia characias,908
55367,Fragaria chiloensis,903
68286,Polytrichum juniperinum,900
57635,Hyacinthoides hispanica,897
55826,Myosotis sylvatica,895
62581,Calochortus lyallii,892
69912,Neckera douglasii,891
83992,Betula pendula,890
59780,Pedicularis groenlandica,885
1487484,Spiraea lucida,882
77776,Linaria dalmatica,878
53201,Sanicula crassicaulis,877
77789,Lithophragma glabrum,877
48098,Acer rubrum,873
47697,Hesperis matronalis,872
162640,Eriogonum niveum,872
78032,Micranthes tolmiei,871
60476,Armeria maritima,868
78931,Salicornia pacifica,866
78551,Phlox speciosa,858
78024,Micranthes ferruginea,855
122034,Hydrangea macrophylla,851
56064,Ranunculus acris,849
164926,Lupinus sericeus,848
79030,Sedum oreganum,847
60364,Rhododendron ponticum,844
61210,Microsteris gracilis,843
63937,Hieracium albiflorum,830
166258,Pediocactus nigrispinus,830
55823,Draba verna,822
327099,Sarcodiotheca gaudichaudii,819
76002,Cardamine nuttallii,817
53065,Galium triflorum,815
53271,Brassica rapa,815
498086,Primula pauciflora,809
54050,Crepis capillaris,807
69849,Larix occidentalis,805
59613,Astragalus purshii,803
68057,Ranunculus occidentalis,801
55830,Glechoma hederacea,800
51807,Aquilegia vulgaris,798
52614,Zostera marina,795
69636,Cardamine flexuosa,787
78351,Parnassia fimbriata,787
61039,Morella californica,781
64184,Claytonia rubra,779
75922,Cacaliopsis nardosmia,779
75597,Artemisia suksdorfii,778
77952,Malva neglecta,777
52673,Equisetum hyemale,776
1414073,Androsace laevigata,772
78887,Rosa woodsii,770
53266,Sisymbrium officinale,769
160697,Clematis vitalba,768
79152,Solidago lepida,766
62273,Balsamorhiza careyana,764
78499,Phacelia linearis,763
79343,Thalictrum occidentale,763
57283,Centranthus ruber,762
166706,Phlox longifolia,762
58907,Melilotus albus,758
470643,Erythranthe guttata,758
57353,Nemophila parviflora,756
63868,Aspidotis densa,754
128870,Leptarrhena pyrolifolia,751
58755,Cystopteris fragilis,748
79055,Senecio triangularis,746
144056,Lewisia columbiana,742
79303,Symphyotrichum subspicatum,741
78941,Salix hookeriana,737
64541,Dianthus armeria,735
79026,Sedum lanceolatum,735
69848,Larix lyallii,730
75742,Balsamorhiza hookeri,726
54520,Tanacetum parthenium,724
77040,Eriogonum umbellatum,720
49883,Betula papyrifera,717
126404,Araucaria araucana,717
1234070,Lomatium papilioniferum,713
47435,Lotus corniculatus,709
56166,Persicaria maculosa,709
77255,Geranium lucidum,709
85421,Rhizomnium glabrescens,708
78623,Platanthera dilatata,706
498114,Primula jeffreyi,705
51810,Laburnum anagyroides,702
124422,Rhytidiadelphus loreus,701
53168,Oxalis corniculata,700
53089,Pseudognaphalium stramineum,699
127529,Prunus lusitanica,697
123134,Dicranum scoparium,695
75302,Agoseris aurantiaca,693
53326,Vinca major,692
56996,Sisymbrium altissimum,691
61168,Arum italicum,691
50717,Epipactis helleborine,689
49658,Liquidambar styraciflua,687
75505,Arctostaphylos columbiana,685
82666,Viburnum tinus,684
54663,Hemitomes congestum,682
50628,Erysimum capitatum,680
52846,Anthriscus caucalis,678
57057,Medicago sativa,678
59901,Melissa officinalis,677
75527,Arctostaphylos nevadensis,677
56154,Saponaria officinalis,670
62239,Pyrola picta,669
55748,Veronica arvensis,668
79033,Sedum stenopetalum,667
537967,Bellardia viscosa,666
1490931,Doellingeria ledophylla,666
123819,Homalothecium fulgescens,662
75242,Abies procera,655
77264,Geranium viscosissimum,654
78524,Phacelia sericea,652
53456,Symphoricarpos mollis,648
78728,Potentilla gracilis,646
55977,Malva moschata,645
57506,Prosartes smithii,645
133395,Lavandula angustifolia,645
79408,Trifolium arvense,644
636795,Salvia rosmarinus,642
67423,Ulva lactuca,641
77025,Eriogonum pyrolifolium,640
48984,Centaurea montana,638
68543,Plantago maritima,637
57126,Brodiaea coronaria,636
59068,Scirpus microcarpus,634
56236,Centaurium erythraea,632
53771,Cotoneaster horizontalis,630
452473,Eremogone capillaris,630
117385,Athyrium americanum,629
58382,Poa bulbosa,628
133356,Cercidiphyllum japonicum,628
78582,Picea engelmannii,626
78967,Salvia dorrii,626
78419,Penstemon rupicola,625
54491,Corylus avellana,624
128767,Viburnum davidii,624
125790,Spiraea japonica,623
77843,Luina hypoleuca,621
50614,Lupinus bicolor,619
75991,Campanula scouleri,618
78453,Persicaria hydropiperoides,617
78230,Nothocalais troximoides,616
77480,Hypericum androsaemum,615
63898,Ranunculus uncinatus,612
143420,Viola trinervata,612
53075,Geranium dissectum,610
57278,Ailanthus altissima,610
82740,Lathyrus sylvestris,608
119092,Picea pungens,607
79423,Trifolium macrocephalum,606
79387,Trautvetteria caroliniensis,603
53294,Sonchus oleraceus,602
59570,Arctium minus,600
771843,Erythranthe alsinoides,600
143421,Castilleja thompsonii,599
739040,Aphyllon purpureum,598
1122172,Kindbergia praelonga,598
58727,Berberis thunbergii,597
128874,Saxifraga bronchialis,597
62580,Allium crenulatum,593
524900,Argentina pacifica,593
68213,Boykinia occidentalis,589
75430,Anchusa officinalis,588
127010,Nandina domestica,587
78368,Pedicularis contorta,586
53322,Vicia gigantea,584
116364,Allium cernuum,584
58996,Clematis ligusticifolia,581
78678,Polygonum aviculare,579
67810,Kalmia microphylla,574
56188,Vicia hirsuta,571
77228,Gaultheria ovatifolia,571
79380,Toxicoscordion paniculatum,571
79325,Teesdalia nudicaulis,569
881534,Anemonastrum deltoideum,568
64445,Caltha leptosepala,567
83056,Camellia japonica,567
76912,Erigeron compositus,565
78885,Rosa pisocarpa,562
133104,Berberis repens,561
57056,Medicago lupulina,559
62682,Chaenactis douglasii,559
53448,Ribes divaricatum,558
61048,Clarkia amoena,554
64350,Ginkgo biloba,554
77887,Lupinus rivularis,552
50743,Spiranthes romanzoffiana,550
56406,Marchantia polymorpha,548
75475,Anthoxanthum odoratum,548
79159,Sorbus scopulina,548
59239,Eriogonum sphaerocephalum,546
161582,Dahlia pinnata,545
76237,Chamaecyparis lawsoniana,542
180413,Rhododendron groenlandicum,541
57983,Helianthus annuus,538
170203,Viburnum plicatum,538
77778,Linaria purpurea,536
711103,Pilosella aurantiaca,535
52996,Collomia heterophylla,533
60201,Trifolium subterraneum,532
164313,Juniperus maritima,531
55703,Lunularia cruciata,530
474721,Erythranthe caespitosa,527
52658,Drosera rotundifolia,526
129061,Rubus rolfei,525
119793,Pyrus calleryana,523
55724,Symphytum officinale,522
62211,Potentilla recta,519
47570,Populus alba,517
55727,Cymbalaria muralis,517
164720,Lomatium columbianum,516
78027,Micranthes integrifolia,515
56162,Malva sylvestris,514
63567,Picea abies,514
57524,Crocidium multicaule,512
124461,Rhytidiopsis robusta,512
53320,Vicia americana,511
49130,Myosotis scorpioides,510
58127,Chenopodium album,510
84732,Erigeron speciosus,510
127100,Calyptridium umbellatum,510
146900,Mertensia paniculata,509
62213,Comarum palustre,507
60522,Aconitum columbianum,506
77738,Ligusticum grayi,503
164028,Iberis sempervirens,501
78174,Nasturtium officinale,500
77897,Luzula parviflora,499
52162,Cakile edentula,497
58893,Euphorbia maculata,497
153479,Delphinium menziesii,496
163549,Hedera hibernica,496
71127,Artemisia ludoviciana,491
76716,Drymocallis glandulosa,491
1123491,Pulvigera lyellii,491
61145,Veronica wormskjoldii,490
167829,Rhus typhina,484
54518,Lemna minor,482
51119,Nymphaea odorata,481
204364,Neottia cordata,481
76836,Epilobium luteum,478
950601,Anemonoides oregana,478
57793,Gilia capitata,476
204321,Ficaria verna,476
67949,Dicranoweisia cirrata,474
52973,Cerastium glomeratum,473
60951,Hydrocotyle ranunculoides,471
58722,Pinus sylvestris,470
56306,Erica carnea,469
64288,Polypodium scouleri,469
143681,Silene parryi,469
75765,Bidens cernua,466
52796,Hordeum murinum,464
75446,Angelica arguta,463
76078,Carex mertensii,463
53096,Antennaria rosea,462
128077,Castilleja levisecta,462
162517,Erigeron poliospermus,462
62652,Mentha spicata,461
361461,Caltha biflora,461
77805,Lomatium dissectum,460
79514,Viola palustris,460
472796,Myriopteris gracillima,458
53582,Liriodendron tulipifera,457
53723,Calocedrus decurrens,456
126550,Helleborus orientalis,456
61396,Origanum vulgare,455
61481,Viola riviniana,455
49005,Quercus rubra,453
75303,Agoseris glauca,453
78697,Polystichum lonchitis,453
75609,Asplenium trichomanes,451
76986,Eriogonum elatum,451
120525,Acer griseum,450
48986,Pedicularis ornithorhynchos,449
77418,Hieracium scouleri,449
48938,Eriogonum ovalifolium,447
59028,Verbascum blattaria,447
57896,Salsola tragus,446
55845,Viola odorata,445
425378,Glandora prostrata,445
854075,Lewisiopsis tweedyi,445
53052,Foeniculum vulgare,444
76409,Collinsia grandiflora,443
61010,Lupinus arboreus,442
47565,Populus nigra,441
50706,Cephalanthera austiniae,441
56617,Ceanothus thyrsiflorus,440
57276,Triphysaria pusilla,439
1234068,Lomatium klickitatense,439
55436,Amsinckia menziesii,438
58369,Bromus tectorum,438
143667,Erigeron aureus,435
52676,Pentagramma triangularis,433
55885,Lonicera periclymenum,433
78280,Oreostemma alpigenum,433
131227,Neottia banksiana,433
164719,Lomatium brandegeei,433
119791,Acer pseudoplatanus,432
56035,Kniphofia uvaria,431
57132,Triteleia hyacinthina,431
56065,Galium odoratum,430
166852,Physocarpus malvaceus,430
55730,Spergularia rubra,429
133397,Buxus sempervirens,429
56133,Quercus robur,427
58991,Portulaca oleracea,427
76197,Ceanothus sanguineus,427
79389,Triantha occidentalis,426
117433,Euonymus alatus,426
130197,Ulva intestinalis,425
62585,Mertensia longiflora,423
76111,Carex spectabilis,423
79072,Shepherdia canadensis,423
63216,Polystichum lemmonii,420
119121,Penstemon confertus,420
78216,Nestotus stenophyllus,417
166364,Penstemon gairdneri,417
67591,Oxyria digyna,416
79025,Sedum album,416
77643,Lathyrus polyphyllus,415
487175,Primula hendersonii,415
967218,Campanula alaskana,415
75931,Calendula officinalis,413
53108,Lactuca virosa,412
79471,Vaccinium scoparium,412
136366,Gnaphalium uliginosum,411
133366,Cotinus coggygria,410
51809,Lysimachia nummularia,409
57727,Iris tenax,407
127228,Bergenia crassifolia,407
166432,Penstemon richardsonii,407
58729,Toxicodendron rydbergii,406
63935,Juglans regia,404
129054,Tulipa gesneriana,404
76300,Chondrilla juncea,402
77640,Lathyrus nevadensis,401
56992,Lobularia maritima,399
158719,Artemisia rigida,399
159764,Campanula persicifolia,398
56113,Symphyotrichum foliaceum,397
771865,Erythranthe decora,397
48152,Cynoglossum officinale,396
71112,Viola orbiculata,396
76210,Centaurea diffusa,394
126585,Hibiscus syriacus,394
1240407,Lomatium multifidum,391
55884,Rosa canina,390
60015,Dianthus barbatus,390
55021,Arabidopsis thaliana,389
55667,Sagina procumbens,389
56121,Capsella bursa-pastoris,388
64694,Elaeagnus angustifolia,388
57036,Euphorbia peplus,387
78016,Menyanthes trifoliata,385
163112,Fuchsia magellanica,385
52287,Borago officinalis,384
48622,Nepeta cataria,383
52971,Epilobium brachycarpum,383
126558,Phyllodoce glanduliflora,381
61992,Grindelia stricta,380
53203,Clinopodium douglasii,378
768183,Koenigia davisiae,377
57730,Iris missouriensis,376
167681,Racomitrium elongatum,376
62691,Lupinus argenteus,375
164730,Lomatium geyeri,375
47553,Taxus baccata,374
54227,Fagus sylvatica,374
70045,Acanthus mollis,374
119792,Paulownia tomentosa,373
145531,Delphinium glareosum,373
159696,Calochortus subalpinus,373
63735,Prunus domestica,371
62207,Oenothera biennis,370
62474,Opuntia fragilis,367
77470,Hydrophyllum fendleri,366
127916,Streptopus lanceolatus,366
564970,Chamaenerion latifolium,365
60969,Jaumea carnosa,363
126710,Magnolia stellata,363
287309,Choisya ternata,363
59991,Comandra umbellata,362
75469,Antennaria racemosa,362
77872,Lupinus littoralis,362
52993,Cirsium brevistylum,354
55411,Raphanus raphanistrum,354
126930,Daphne odora,354
53173,Phacelia nemoralis,352
55752,Valerianella locusta,351
126637,Hyacinthus orientalis,350
143868,Penstemon cardwellii,350
244075,Syntrichia ruralis,350
411074,Cotoneaster coriaceus,349
50708,Corallorhiza striata,348
60500,Veratrum californicum,348
77719,Leucanthemum maximum,348
79153,Solidago multiradiata,348
158615,Argentina anserina,348
57254,Pyracantha coccinea,346
78553,Phoenicaulis cheiranthoides,346
204303,Diphasiastrum sitchense,346
50712,Cypripedium montanum,344
127480,Stachys byzantina,344
204340,Lamprocapnos spectabilis,343
121763,Castanea sativa,342
123692,Scapania bolanderi,342
77990,Mentha aquatica,341
117512,Clematis occidentalis,340
136234,Cedrus atlantica,340
61032,Hypericum anagalloides,339
125464,Hypnum circinale,339
77569,Juncus ensifolius,338
78668,Polemonium pulcherrimum,338
117807,Mastocarpus papillatus,338
60176,Atriplex prostrata,337
77802,Lomatium canbyi,337
78882,Rosa multiflora,334
54764,Rhus glabra,333
128205,Penstemon pruinosus,333
143679,Antennaria lanata,333
76070,Carex leptopoda,332
135790,Pinus nigra,332
159806,Canadanthus modestus,332
57563,Cynara cardunculus,331
75262,Achlys californica,330
54797,Gleditsia triacanthos,328
76301,Chorispora tenella,328
76936,Erigeron pumilus,328
59008,Salix exigua,327
160006,Carex macrocephala,327
51712,Bidens frondosa,326
77611,Kopsiopsis hookeri,326
49662,Platanus occidentalis,325
159765,Campanula piperi,325
160369,Chaenomeles speciosa,325
60350,Artemisia absinthium,324
62308,Mentzelia laevicaulis,324
67808,Solidago canadensis,324
75440,Anemone drummondii,324
79463,Ulmus pumila,324
148098,Lonicera utahensis,324
60264,Triglochin maritima,322
163184,Galium palustre,321
167160,Polemonium elegans,321
53307,Cerastium fontanum,320
83156,Hydrangea quercifolia,320
69150,Metasequoia glyptostroboides,319
123832,Polypodium amorphum,317
128867,Elmera racemosa,317
950312,Eriocapitella hupehensis,316
79141,Solanum nigrum,315
123754,Rhytidiadelphus squarrosus,315
164714,Lomatium ambiguum,315
48599,Phytolacca americana,313
208830,Rhododendron indicum,313
52808,Poa annua,312
54777,Cornus florida,312
61824,Trifolium hybridum,312
85321,Campanula rapunculoides,312
51741,Aegopodium podagraria,311
57081,Trifolium willdenovii,311
77991,Mentha canadensis,311
123117,Ceratodon purpureus,311
840641,Platanthera elegans,311
59205,Schoenoplectus acutus,310
78870,Ribes viscosissimum,310
76329,Chrysothamnus viscidiflorus,309
77114,Euphorbia lathyris,309
50798,Wyethia amplexicaulis,308
76984,Eriogonum douglasii,305
78450,Persicaria amphibia,305
75572,Arnica lanceolata,304
56132,Hyacinthoides non-scripta,303
60483,Orthocarpus imbricatus,302
63951,Pyrus communis,301
64268,Trifolium incarnatum,299
78346,Papaver somniferum,299
54762,Acer saccharinum,298
58128,Grayia spinosa,298
51737,Solanum lycopersicum,297
840638,Platanthera unalascensis,297
1319212,Cotoneaster franchetii,297
56117,Grimmia pulvinata,296
56461,Pellia neesiana,296
135727,Pinus mugo,296
54436,Rubus idaeus,295
75938,Callitriche stagnalis,295
126663,Oenothera pallida,294
157924,Achillea filipendulina,294
48070,Sagittaria latifolia,293
58372,Distichlis spicata,293
52976,Barbarea orthoceras,292
75867,Brasenia schreberi,292
60490,Linum lewisii,291
807416,Papaver cambricum,291
62338,Lysimachia vulgaris,290
78548,Phlox hoodii,290
52740,Vaccinium corymbosum,289
79534,Woodsia scopulina,289
81762,Ribes acerifolium,288
1490928,Doellingeria engelmannii,288
62696,Silene douglasii,287
62741,Rudbeckia hirta,287
77305,Grindelia squarrosa,287
83074,Magnolia grandiflora,287
125788,Kerria japonica,287
55459,Lamium amplexicaule,286
734805,Petrosedum rupestre,286
51726,Myosotis arvensis,285
78822,Ranunculus eschscholtzii,285
82511,Euphorbia myrsinites,285
128570,Styrax japonicus,284
357682,Jacobaea maritima,284
60307,Poa pratensis,283
61112,Veronica scutellata,283
62313,Nigella damascena,283
76416,Collomia linearis,281
68562,Cosmos bipinnatus,278
119805,Ligustrum vulgare,277
53097,Hirschfeldia incana,276
56593,Dichelostemma congestum,276
71118,Mazzaella splendens,276
167712,Rainiera stricta,276
55666,Veronica persica,275
60376,Moneses uniflora,275
54516,Brassica oleracea,274
78893,Rubus nivalis,274
52791,Elymus glaucus,273
61904,Lavandula stoechas,273
77160,Frasera albicaulis,273
77669,Lepidium heterophyllum,273
166114,Papaver orientale,273
51610,Veronica chamaedrys,272
56851,Asclepias fascicularis,272
69930,Juncus tenuis,272
406080,Solanum nitidibaccatum,272
53210,Senecio sylvaticus,271
54504,Juglans nigra,271
133369,Chamaecyparis obtusa,271
164708,Lolium arundinaceum,271
55848,Narcissus pseudonarcissus,270
146931,Castilleja rupicola,270
55733,Chaerophyllum temulum,269
53399,Garrya elliptica,268
55858,Cornus mas,268
60218,Ficus carica,268
84281,Clinopodium vulgare,268
164672,Leymus cinereus,268
181927,Parthenocissus inserta,268
77584,Juncus mertensianus,267
53137,Anisocarpus madioides,266
54404,Papaver rhoeas,266
75998,Cardamine angulata,264
126735,Fatsia japonica,264
48969,Antirrhinum majus,263
77033,Eriogonum strictum,263
57048,Acmispon parviflorus,262
357949,Micranthes rufidula,262
75453,Angelica lucida,261
127960,Artemisia campestris,261
58376,Elymus elymoides,260
78018,Mertensia ciliata,260
78990,Sceptridium multifidum,260
117515,Helianthella uniflora,260
58294,Claytonia parviflora,259
68218,Saxifraga mertensiana,258
76655,Dieteria canescens,258
78985,Saxifraga cespitosa,257
56061,Alliaria petiolata,256
78434,Perideridia gairdneri,256
1520640,Adelinia grandis,256
79317,Taraxacum erythrospermum,255
126553,Elliottia pyroliflora,255
160348,Ceratocephala testiculata,255
60221,Ludwigia palustris,254
77663,Lepidium campestre,254
58316,Salix babylonica,253
71147,Cryptomeria japonica,253
76553,Cuscuta pacifica,253
76048,Carex hendersonii,252
76918,Erigeron filifolius,252
77224,Gamochaeta ustulata,252
123649,Halosaccion glandiforme,252
126179,Plagiomnium venustum,252
57847,Muscari armeniacum,251
76445,Coreopsis tinctoria,251
62205,Alcea rosea,250
79039,Selaginella oregana,249
549934,Primula conjugens,249
47726,Acer negundo,248
1414075,Androsace nivalis,248
49365,Carex pendula,247
64245,Leptosiphon bicolor,247
75460,Antennaria dimorpha,247
76826,Epilobium anagallidifolium,247
82203,Myrica gale,247
941713,Salvia yangii,247
64331,Iris foetidissima,246
126560,Vaccinium oxycoccos,246
163581,Hedysarum occidentale,245
47443,Albizia julibrissin,243
67539,Clerodendrum trichotomum,243
76461,Cotoneaster simonsii,243
738046,Veronica regina-nivalis,243
123498,Tortula muralis,242
58185,Phacelia tanacetifolia,241
52703,Bromus hordeaceus,239
52841,Anthemis cotula,239
50790,Linaria vulgaris,238
129446,Honckenya peploides,238
181926,Phlox douglasii,238
51606,Galanthus nivalis,237
60153,Lepidium latifolium,237
62678,Monardella odoratissima,237
78150,Myosotis laxa,236
866483,Alchemilla arvensis,236
57287,Plectritis macrocera,235
55891,Geum urbanum,233
481941,Conocephalum conicum,233
63352,Lepidium draba,232
76639,Deschampsia cespitosa,232
79470,Vaccinium cespitosum,232
160951,Cotoneaster rehderi,232
63313,Sphaeralcea munroana,231
77871,Lupinus leucophyllus,231
56137,Ornithogalum umbellatum,229
70383,Balsamorhiza deltoidea,229
78030,Micranthes odontoloma,229
79156,Sonchus arvensis,229
124155,Atrichum undulatum,228
159194,Bassia scoparia,228
765338,Erythranthe dentata,228
53779,Humulus lupulus,227
76625,Delphinium glaucum,227
54785,Quercus palustris,226
76114,Carex stipata,226
349786,Euonymus japonicus,226
55852,Brunnera macrophylla,225
59254,Allium schoenoprasum,225
60980,Senecio minimus,225
147018,Castilleja elmeri,225
425083,Anticlea occidentalis,225
60265,Asparagus officinalis,224
61167,Alisma triviale,224
71141,Alopecurus pratensis,224
76338,Cicuta douglasii,224
119450,Calluna vulgaris,224
154238,Oxytropis campestris,224
68886,Silene acaulis,223
320685,Geranium macrorrhizum,223
630966,Pyrola aphylla,223
51779,Sempervivum tectorum,222
57150,Epilobium minutum,222
79351,Thelypodium laciniatum,222
159012,Astragalus succumbens,222
551466,Platanthera elongata,222
126107,Antitrichia curtipendula,221
135883,Juniperus scopulorum,220
56006,Zantedeschia aethiopica,219
68635,Sidalcea oregana,219
167507,Pseudoroegneria spicata,219
47745,Equisetum fluviatile,218
55992,Clarkia pulchella,218
56206,Aucuba japonica,218
71146,Trifolium wormskioldii,218
1563130,Trollius albiflorus,217
158984,Astragalus reventiformis,216
167286,Polytrichastrum alpinum,216
1121982,Ptychostomum capillare,216
57111,Luzula comosa,214
79441,Tripleurospermum inodorum,213
777468,Lonicera ligustrina,213
54329,Tropaeolum majus,212
77836,Lonicera tatarica,212
79499,Viburnum edule,212
51738,Salvia officinalis,211
75450,Angelica genuflexa,211
1149640,Neckera menziesii,211
120000,Funaria hygrometrica,210
75762,Berteroa incana,209
135659,Platycladus orientalis,209
453717,Erythranthe microphylla,209
51808,Lysimachia punctata,208
168386,Salvia microphylla,208
54141,Tragopogon porrifolius,207
60734,Polygonum paronychia,207
58812,Cotula coronopifolia,206
950600,Anemonoides piperi,206
123390,Bryum argenteum,205
129853,Geranium sanguineum,205
78618,Plantago patagonica,204
81605,Yucca filamentosa,204
711086,Pilosella caespitosa,204
54428,Crataegus laevigata,203
57066,Melilotus officinalis,203
57233,Claytonia exigua,201
76537,Cryptogramma cascadensis,201
77489,Iliamna rivularis,201
357930,Micranthes nelsoniana,201
52501,Kolkwitzia amabilis,200
56861,Symphyotrichum chilense,200
79150,Solidago elongata,200
168749,Sedum rupicola,200
76793,Elodea canadensis,199
78583,Pinguicula macroceras,199
164731,Lomatium gormanii,199
950609,Anemonoides grayi,199
58347,Juncus balticus,198
126583,Hemerocallis fulva,198
291284,Coleus scutellarioides,198
75903,Bromus inermis,197
78886,Rosa rubiginosa,197
123177,Dicranum fuscescens,197
127306,Wisteria sinensis,197
50648,Nemophila menziesii,196
60973,Leontodon saxatilis,196
79076,Sibbaldia procumbens,196
290553,Carex kelloggii,196
51751,Ulex europaeus,195
79314,Tanacetum bipinnatum,195
76124,Carex utriculata,194
58883,Crassula tillaea,193
67892,Homalothecium nuttallii,193
77310,Gunnera tinctoria,192
77672,Lepidium perfoliatum,191
161872,Dicranum tauricum,191
593040,Reynoutria sachalinensis,190
1424149,Ozomelis trifida,190
48627,Echinacea purpurea,188
62208,Oenothera glazioviana,188
162962,Festuca roemeri,188
58763,Polystichum imbricans,187
68608,Trentepohlia aurea,187
79488,Verbena bracteata,187
75309,Agropyron cristatum,186
76358,Cirsium undulatum,186
77323,Hackelia micrantha,186
164729,Lomatium farinosum,186
54904,Crepis atribarba,185
76386,Claytonia cordifolia,185
78020,Mertensia oblongifolia,185
58345,Bolboschoenus maritimus,184
58990,Montia fontana,184
78259,Onopordum acanthium,184
78913,Rumex venosus,184
75575,Arnica mollis,183
47892,Impatiens glandulifera,182
53135,Madia gracilis,182
61086,Rumex occidentalis,182
1424142,Brewerimitella breweri,182
1424153,Pectiantia pentandra,182
78295,Osmorhiza occidentalis,181
160347,Cerastium tomentosum,181
51454,Passiflora caerulea,180
57107,Juncus bufonius,180
67905,Polytrichum piliferum,180
158193,Allium scilloides,180
52801,Lolium perenne,179
55697,Trillium albidum,178
168319,Salix barclayi,178
52588,Centaurea solstitialis,177
69223,Epipremnum aureum,177
128868,Heuchera glabra,177
129038,Petasites japonicus,177
67820,Erigeron philadelphicus,176
75312,Agrostis capillaris,176
76579,Cymopterus terebinthinus,176
77797,Lobelia erinus,176
78847,Rhododendron columbianum,176
117437,Phlox paniculata,176
51251,Rheum rhabarbarum,175
75799,Boechera lyallii,175
128167,Paeonia officinalis,175
169856,Trachelospermum jasminoides,175
53157,Navarretia squarrosa,174
64237,Phragmites australis,174
62312,Campanula rotundifolia,173
75925,Calamagrostis canadensis,173
78712,Potamogeton natans,173
162726,Escallonia rubra,173
78998,Schoenoplectus tabernaemontani,172
118893,Euphrasia nemorosa,172
135229,Buglossoides arvensis,172
62575,Sparganium emersum,171
76076,Carex lyngbyei,171
133036,Lycopus europaeus,171
738040,Veronica missurica,171
158726,Artemisia tripartita,170
166162,Parthenocissus tricuspidata,169
737997,Veronica rubra,169
51768,Gaillardia pulchella,168
57116,Mentha pulegium,168
53858,Solanum tuberosum,167
57198,Poa secunda,167
76541,Cucurbita pepo,167
78979,Sanicula graveolens,167
355392,Platanthera transversa,167
716947,Lysimachia europaea,167
78157,Myriophyllum spicatum,166
79519,Vitis vinifera,166
133126,Edgeworthia chrysantha,166
61323,Conocephalum salebrosum,165
67802,Sarcobatus vermiculatus,165
166815,Physaria alpestris,165
56174,Echium vulgare,164
59301,Ranunculus sceleratus,163
77915,Lycopus uniflorus,163
78422,Penstemon speciosus,163
127215,Eriophorum angustifolium,163
164930,Lupinus sulphureus,163
168327,Salix commutata,163
56022,Alchemilla mollis,162
77822,Lomatium piperi,162
78984,Saussurea americana,162
79293,Symphoricarpos rotundifolius,162
148024,Viola flettii,162
765394,Sambucus nigra,162
771908,Erythranthe ptilota,162
55825,Veronica filiformis,161
62690,Lupinus arbustus,161
78563,Phyllostachys aurea,160
132807,Sphagnum squarrosum,160
76387,Claytonia megarhiza,159
79516,Viola praemorsa,159
327014,Cryptopleura ruprechtiana,159
590726,Oenothera lindheimeri,159
49397,Kalmia latifolia,158
56136,Primula vulgaris,158
76041,Carex geyeri,158
79358,Thlaspi arvense,158
339024,Smithora naiadum,158
836821,Cherleria obtusiloba,158
54037,Thuja occidentalis,157
57076,Trifolium campestre,157
60284,Elymus repens,157
75578,Arnica parryi,157
75764,Betula occidentalis,157
123818,Frullania nisquallensis,157
126808,Prunus mahaleb,157
57662,Euphorbia amygdaloides,156
58776,Amaranthus retroflexus,156
67826,Ranunculus flammula,156
70391,Viola purpurea,156
75915,Bromus vulgaris,156
77422,Hippuris vulgaris,156
79002,Scirpus cyperinus,156
82461,Dracunculus vulgaris,156
549929,Primula poetica,156
58795,Apocynum cannabinum,155
63316,Agastache urticifolia,155
78122,Montia linearis,155
79201,Stellaria crispa,155
79487,Verbena bonariensis,155
129055,Zelkova serrata,155
933429,Acmispon decumbens,155
75751,Berberis darwinii,154
79129,Sisyrinchium idahoense,154
79465,Utricularia macrorhiza,154
118485,Chlamydomonas nivalis,154
162678,Eriophorum chamissonis,154
204380,Phedimus spurius,154
164725,Lomatium cuspidatum,153
52828,Agoseris grandiflora,152
68293,Polytrichum commune,152
77676,Lepidium virginicum,152
61334,Narcissus poeticus,151
75501,Arctium lappa,151
168387,Salvia nemorosa,151
51633,Digitaria sanguinalis,150
75463,Antennaria howellii,150
76812,Empetrum nigrum,150
77888,Lupinus saxosus,150
78332,Paeonia brownii,150
83960,Lophocolea bidentata,150
128909,Skimmia japonica,150
57481,Calystegia sepium,149
163785,Hieracium lachenalii,149
336005,Campanula poscharskyana,149
429855,Sparlingia pertusa,149
76035,Carex echinata,148
76084,Carex nigricans,148
76089,Carex pachystachya,148
79131,Sium suave,148
118749,Rhododendron calendulaceum,148
1424143,Brewerimitella ovalis,148
76013,Carex aquatilis,147
77188,Galium boreale,147
159658,Callicarpa dichotoma,147
163075,Frasera fastigiata,147
1490935,Doellingeria paucicapitata,147
57418,Polygonatum multiflorum,146
75816,Boechera retrofracta,146
79532,Woodsia oregana,146
168694,Scouleria aquatica,146
53198,Rupertia physodes,145
64240,Cortaderia selloana,145
132600,Tilia cordata,145
446884,Calliarthron tuberculosum,145
54808,Fraxinus pennsylvanica,144
55734,Sedum acre,144
56193,Acer campestre,144
57356,Amorpha fruticosa,144
76158,Catalpa speciosa,144
76782,Eleocharis palustris,144
77419,Hieracium triste,144
125761,Magnolia liliiflora,144
127196,Myosotis stricta,144
52694,Aira caryophyllea,143
64161,Triticum aestivum,143
67555,Codium fragile,143
76635,Delphinium trolliifolium,143
166446,Penstemon subserratus,143
1424146,Mitellastra caulescens,143
55721,Silene vulgaris,141
58050,Amsinckia tessellata,141
78561,Phyllospadix scouleri,141
123794,Scleropodium obtusifolium,141
126653,Solidago simplex,141
1515671,× Hesperotropsis leylandii,141
125665,Trillium petiolatum,140
127412,Leycesteria formosa,140
57049,Acmispon americanus,139
58826,Euthamia occidentalis,139
64323,Trachycarpus fortunei,139
77244,Gentiana sceptrum,139
135394,Lagerstroemia indica,139
164326,Kalanchoe blossfeldiana,139
782906,Sanguisorba stipulata,139
60175,Atriplex patula,138
128798,Aronia melanocarpa,138
131586,Colchicum autumnale,138
57190,Phleum pratense,137
60987,Lepidium didymum,137
62227,Ceanothus integerrimus,137
123769,Lepidozia reptans,137
1123573,Stereodon subimponens,137
63870,Equisetum laevigatum,136
64113,Hedera canariensis,136
75995,Campsis radicans,136
77372,Hesperochiron pumilus,136
83938,Penstemon ovatus,136
123638,Acer ginnala,136
126549,Camellia sasanqua,136
56840,Sanicula bipinnatifida,135
60880,Calystegia soldanella,135
68884,Phlox subulata,134
75605,Asperugo procumbens,134
127186,Securigera varia,134
410471,Alstroemeria aurea,134
67842,Radula complanata,133
77227,Gaultheria humifusa,133
146989,Pedicularis rainierensis,133
453644,Erythranthe moschata,133
545973,Erythranthe nasuta,133
553036,Salix integra,133
61870,Clarkia rhomboidea,132
124879,Cornus alba,132
128661,Claopodium crispifolium,132
181901,Zinnia elegans,132
60316,Typha angustifolia,131
77081,Erythronium revolutum,131
77129,Fallopia convolvulus,131
78727,Potentilla glaucophylla,131
133809,Philonotis fontana,131
245731,Lobelia pedunculata,131
950617,Anemonoides blanda,131
52981,Cardamine oligosperma,130
54922,Senecio serra,130
56090,Morus alba,130
76478,Crepis occidentalis,130
79191,Stachys mexicana,130
48206,Convallaria majalis,129
79371,Tonestus lyallii,129
168942,Sidalcea hendersonii,129
55422,Arceuthobium campylopodum,128
61061,Festuca rubra,128
76325,Chrysosplenium glechomifolium,128
77213,Galium serpenticum,128
79461,Ulmus minor,128
162879,Eurybia conspicua,128
464251,Parrotia persica,128
58320,Koelreuteria paniculata,127
60283,Echinochloa crus-galli,127
77458,Hosackia rosea,127
159669,Calliergonella cuspidata,127
791928,Lysimachia arvensis,127
76415,Collomia larsenii,126
76444,Coreopsis lanceolata,126
78872,Romanzoffia sitchensis,126
117429,Betula nigra,126
170060,Ulota crispa,126
1262635,Pseudisothecium myosuroides,126
57920,Xanthium strumarium,125
64162,Rorippa palustris,125
78452,Persicaria hydropiper,125
243824,Potentilla indica,125
51336,Limnanthes douglasii,124
60997,Ceratophyllum demersum,124
67696,Darmera peltata,124
76465,Crassula ovata,124
76745,Dulichium arundinaceum,124
55340,Dendroalsia abietina,123
64238,Tribulus terrestris,123
78224,Noccaea fendleri,123
79482,Ventenata dubia,123
48502,Cercis canadensis,122
49666,Taxodium distichum,121
135327,Phlomis fruticosa,121
68088,Juniperus occidentalis,120
76897,Erigeron annuus,120
130677,Pleurozium schreberi,120
429957,Acrosiphonia coalita,120
49226,Amelanchier arborea,119
53547,Ulmus americana,119
57163,Bromus sterilis,119
58048,Amsinckia lycopsoides,119
77923,Madia glomerata,119
78465,Petroselinum crispum,119
204168,Spinulum annotinum,119
802458,Aphyllon californicum,119
75583,Arrhenatherum elatius,118
51053,Dicentra cucullaria,117
77741,Ligustrum ovalifolium,117
79460,Turritis glabra,117
81900,Sarracenia flava,117
126249,Akebia quinata,117
141714,Crataegus phaenopyrum,117
168704,Scutellaria angustifolia,117
143793,Prunus padus,116
1593175,Polystichum polyblepharon,116
77589,Juncus parryi,115
162437,Ericameria resinosa,115
570676,Callianthe picta,115
52666,Dionaea muscipula,114
56134,Muscari botryoides,114
129057,Sciadopitys verticillata,114
155124,Cornus sanguinea,114
166357,Penstemon eriantherus,114
57980,Gnaphalium palustre,113
76023,Carex canescens,113
78337,Panicum capillare,113
79111,Silene menziesii,113
79125,Sisymbrium loeselii,113
338816,Phemeranthus spinescens,113
710296,Petrosedum forsterianum,113
52685,Woodwardia fimbriata,112
54431,Ribes rubrum,112
55331,Atrichum selwynii,112
57215,Rumex conglomeratus,112
57310,Vicia tetrasperma,112
61509,Whipplea modesta,112
160830,Conioselinum gmelinii,112
269941,Ophiopogon planiscapus,112
1510826,Calamagrostis breviligulata,112
47695,Cynosurus echinatus,111
75377,Alnus incana,111
77552,Juncus articulatus,111
78540,Phleum alpinum,111
167683,Racomitrium heterostichum,111
167684,Racomitrium lanuginosum,111
327046,Plocamium cartilagineum,111
52651,Sarracenia purpurea,110
75589,Artemisia michauxiana,110
79422,Trifolium longipes,110
123645,Pseudoscleropodium purum,110
164746,Lomatium quintuplex,110
61200,Festuca idahoensis,109
75442,Anemone multifida,109
77117,Euphorbia oblongata,109
138470,Thermopsis montana,109
1596531,Cardionema ramosissima,109
58866,Rorippa curvisiliqua,108
59752,Erigeron divergens,108
67413,Neorhodomela larix,108
68917,Prosartes trachycarpa,108
69931,Agrostis stolonifera,108
77216,Galium trifidum,108
77349,Helenium autumnale,108
549984,Primula latiloba,108
55797,Fritillaria meleagris,107
57183,Koeleria macrantha,107
77986,Melica subulata,107
77993,Mentha suaveolens,107
117820,Prionitis lanceolata,107
126515,Dracaena fragrans,107
166329,Penstemon barrettiae,107
437555,Berberis julianae,107
58911,Trifolium microcephalum,106
61005,Lathyrus littoralis,106
78303,Oxalis trilliifolia,106
121266,Pinguicula vulgaris,106
322492,Chlorophytum comosum,106
56726,Daucus pusillus,105
56974,Madia elegans,105
77140,Festuca myuros,105
77210,Galium oreganum,105
1286621,Eriogonum microtheca,105
1612571,Nabalus hastatus,105
52856,Artemisia vulgaris,104
56126,Barbarea vulgaris,104
78765,Pseudognaphalium thermale,104
79312,Tagetes erecta,104
84485,Erysimum arenicola,104
148938,Allium geyeri,104
165104,Malus baccata,104
357953,Micranthes occidentalis,104
498019,Clematis armandii,104
52735,Monarda didyma,103
75471,Antennaria umbrinella,103
77282,Glehnia littoralis,103
77835,Lonicera japonica,103
130893,Euonymus fortunei,103
167599,Pulmonaria officinalis,103
410380,Rhododendron simsii,103
78488,Phacelia heterophylla,102
78796,Pyrrocoma carthamoides,102
79017,Scutellaria lateriflora,102
52148,Linanthus pungens,101
52543,Acer saccharum,101
55766,Euphorbia cyparissias,101
55828,Lamium maculatum,101
64424,Calochortus elegans,101
49341,Castilleja attenuata,100
77354,Helianthus cusickii,100
78025,Micranthes fragosa,100
158191,Allium robinsonii,100
339502,Rhaponticum repens,100
942779,Calamagrostis arenaria,100
